INSERT INTO TB_CHARACTER (id, name, description) VALUES (1, 'Hulk', 'Heroi verde');
INSERT INTO TB_CHARACTER (id, name, description) VALUES (2, 'Spider-man', 'Peter parker nas horas vagas');
INSERT INTO TB_CHARACTER (id, name, description) VALUES (3, 'Iron-man', 'Tony Stark nas horas vagas');
INSERT INTO TB_CHARACTER (id, name, description) VALUES (4, 'Thor', 'Filho de Odin que arranca suspiros pelos 9 mundos da yggdrasil');
INSERT INTO TB_CHARACTER (id, name, description) VALUES (5, 'Groot', 'Arvorezinha encantadora');
INSERT INTO TB_COMIC (id, title) VALUES (1, 'Comic Hulk');
INSERT INTO TB_COMIC (id, title) VALUES (2, 'Comic Hulk 2');
INSERT INTO TB_COMIC (id, title) VALUES (3, 'Comic Iron-man');
INSERT INTO TB_COMIC (id, title) VALUES (4, 'Comic Thor');
INSERT INTO TB_COMIC (id, title) VALUES (5, 'Comic Groot');
INSERT INTO TB_CHARACTER_COMIC(character_id, comic_id) values (1, 1);
INSERT INTO TB_CHARACTER_COMIC(character_id, comic_id) values (1, 2);
INSERT INTO TB_CHARACTER_COMIC(character_id, comic_id) values (3, 3);
INSERT INTO TB_CHARACTER_COMIC(character_id, comic_id) values (5, 5);
INSERT INTO TB_EVENT (id, title, description)  VALUES (1, 'Exterminacao em massa de Thanos', 'Thanos estalou os dedos e eliminou metade da populacao mundial');
INSERT INTO TB_EVENT (id, title, description) VALUES (2, 'Jane Foster encontra o Eter', '');
INSERT INTO TB_EVENT (id, title, description) VALUES (3, 'Morte do Groot', '');
INSERT INTO TB_CHARACTER_EVENT(CHARACTER_ID, EVENT_ID) VALUES (1, 1);
INSERT INTO TB_CHARACTER_EVENT(CHARACTER_ID, EVENT_ID) VALUES (2, 1);
INSERT INTO TB_CHARACTER_EVENT(CHARACTER_ID, EVENT_ID) VALUES (3, 1);
INSERT INTO TB_CHARACTER_EVENT(CHARACTER_ID, EVENT_ID) VALUES (4, 1);
INSERT INTO TB_CHARACTER_EVENT(CHARACTER_ID, EVENT_ID) VALUES (4, 2);
INSERT INTO TB_CHARACTER_EVENT(CHARACTER_ID, EVENT_ID) VALUES (5, 1);
INSERT INTO TB_CHARACTER_EVENT(CHARACTER_ID, EVENT_ID) VALUES (5, 3);
INSERT INTO TB_STORY (id, title, description) VALUES (1, 'Guerra infinita', 'Guerra infinita');
INSERT INTO TB_STORY (id, title, description) VALUES (2, 'Guardioes da galaxia', 'Guardioes da galaxia');
INSERT INTO TB_CHARACTER_STORY(CHARACTER_ID, STORY_ID) VALUES (1, 1);
INSERT INTO TB_CHARACTER_STORY(CHARACTER_ID, STORY_ID) VALUES (2, 1);
INSERT INTO TB_CHARACTER_STORY(CHARACTER_ID, STORY_ID) VALUES (3, 1);
INSERT INTO TB_CHARACTER_STORY(CHARACTER_ID, STORY_ID) VALUES (4, 1);
INSERT INTO TB_CHARACTER_STORY(CHARACTER_ID, STORY_ID) VALUES (5, 1);
INSERT INTO TB_CHARACTER_STORY(CHARACTER_ID, STORY_ID) VALUES (5, 2);
INSERT INTO TB_CHARACTER_STORY(CHARACTER_ID, STORY_ID) VALUES (4, 2);
INSERT INTO TB_SERIE (id, title, description) VALUES (1, 'SHIELD', 'Agentes da S.H.I.E.L.D');
INSERT INTO TB_CHARACTER_SERIE(CHARACTER_ID, SERIE_ID) VALUES (1, 1);
INSERT INTO TB_CHARACTER_SERIE(CHARACTER_ID, SERIE_ID) VALUES (3, 1);