INSERT INTO CHARACTER (id, name, description) VALUES (1, 'Hulk', 'Herói verde');
INSERT INTO CHARACTER (id, name, description) VALUES (2, 'Spider-man', 'Peter parker nas horas vagas');
INSERT INTO CHARACTER (id, name, description) VALUES (3, 'Iron-man', 'Tony Stark nas horas vagas');
INSERT INTO CHARACTER (id, name, description) VALUES (4, 'Thor', 'Filho de Odin que arranca suspiros pelos 9 mundos da yggdrasil');
INSERT INTO CHARACTER (id, name, description) VALUES (5, 'Groot', 'Árvorezinha encantadora');
INSERT INTO COMIC (id, title, character_id) VALUES (1, 'Comic #1', 1);
INSERT INTO COMIC (id, title, character_id) VALUES (2, 'Comic #2', 2);
INSERT INTO COMIC (id, title, character_id) VALUES (3, 'Comic #3', 2);
INSERT INTO COMIC (id, title, character_id) VALUES (4, 'Comic #4', 4);
INSERT INTO COMIC (id, title, character_id) VALUES (5, 'Comic #5', 5);
INSERT INTO EVENT (id, title, description, character_id) VALUES (1, 'Exterminação em massa de Thanos', 'Thanos estalou os dedos e eliminou metade da população mundial', 1);
INSERT INTO EVENT (id, title, description, character_id) VALUES (2, 'Jane Foster encontra o Éter', '', 4);
INSERT INTO EVENT (id, title, description, character_id) VALUES (3, 'Morte do Groot', '', 5);
INSERT INTO STORY (id, title, description, character_id) VALUES (1, 'Guerra infinita', 'Guerra infinita', 2);
INSERT INTO STORY (id, title, description, character_id) VALUES (2, 'Guardiões da galáxia', 'Guardiões da galáxia', 5);
INSERT INTO SERIE (id, title, description, character_id) VALUES (1, 'SHIELD', 'Agentes da S.H.I.E.L.D', 3);